voicetype,voicefile,transcript
creatureferalghoul,falloutnv.esm\creatureferalghoul\genericferalghoul_attack_0007ae7b_1.ogg,Stop you!
creatureferalghouldc,brokensteel.esm\creatureferalghouldc\dlc03wq03_greeting_00007e27_1.ogg,Grrrrrloooow...
creaturelowintsm,falloutnv.esm\creaturelowintsm\vdialoguej_greeting_0015e478_1.ogg,"{Keene left}The Nightkin aren't going to stick around long now that Keene's left. Not without a good reason, anyway."
creaturesmartsm,falloutnv.esm\creaturesmartsm\vending_vendingblackmounta_00161267_1.ogg,"{Narrating}Black Mountain Radio continued to broadcast its peculiar form of propaganda. Raul Tejada faced his execution each day, though pardoned in the end."
creaturesupermutant,falloutnv.esm\creaturesupermutant\vdialoguej_vdialoguejacobs_0015e44d_1.ogg,"{no cure}The Stealth Boys we use have cumulative, adverse effects on our minds. Jacobstown was supposed to be a sanctuary, a place to find a cure."
creaturesupermutantdc,fallout3.esm\creaturesupermutantdc\genericsup_supertalk1_000a4a4e_1.ogg,"I was thinking. And it hurt! Hurt my head! But I remembered things. From before... I think I knew a woman. Or maybe, I WAS a woman... Aggh! It hurts!"
creatureuniquelily,falloutnv.esm\creatureuniquelily\vdialoguel_vdialoguelilyli_0015f27e_2.ogg,"{Aside}Yes, Leo, I'm getting to that part! {Back to player}They made me one of them, and they put me to work in an army that was going to conquer California."
creatureuniquemarcus,falloutnv.esm\creatureuniquemarcus\vdialoguej_vdialoguejacobs_0014391d_1.ogg,"{Chuckles, player's being naive}That's like saying Caesar and Kimball would listen to each other. {Beat, explaining}Nightkin don't have a lot of trust for others, mutants included."
creatureuniquemrhouse,falloutnv.esm\creatureuniquemrhouse\vdialoguem_vdialoguemrhous_0014b662_3.ogg,"{sigh of impatience - oh, the burdens of intelligence}That you were searched very thoroughly when you arrived at the Fort is a certainty. And as the Chip is a little too large to be {beat, implying hiding it up rectum}secreted away..."
creatureuniquetabitha,falloutnv.esm\creatureuniquetabitha\radioblack_radiobmsegment0_00159718_1.ogg,"{Rhonda} We're back with Best Friend Tabitha, who was telling us why humans should {cue angry Tabitha voice}STAY THE HELL AWAY, {back to normal Rhonda voice}ier, keep their distance from the State of Utobitha."
dlc01raiderfemalecoldvoice,thepitt.esm\dlc01raiderfemalecoldvoice\dlc01convr_pittraidertalk3_0000629a_1.ogg,"Maybe I'll talk to Zubrowski or Diehl, get a card game going. Not exactly exciting, but it beats sitting around with our thumbs up our asses, right?"
dlc01raiderfemalegruffvoice,thepitt.esm\dlc01raiderfemalegruffvoice\dlc01convr_pittraidertalk3_0000629a_1.ogg,"Maybe I'll talk to Zubrowski or Diehl, get a card game going. Not exactly exciting, but it beats sitting around with our thumbs up our asses, right?"
dlc01raidermalecoldvoice,thepitt.esm\dlc01raidermalecoldvoice\dlc01convr_pittraidertalk3_0000629a_1.ogg,"Maybe I'll talk to Zubrowski or Diehl, get a card game going. Not exactly exciting, but it beats sitting around with our thumbs up our asses, right?"
dlc01raidermalegruffvoice,thepitt.esm\dlc01raidermalegruffvoice\dlc01convr_pittraidertalk3_0000629a_1.ogg,"Maybe I'll talk to Zubrowski or Diehl, get a card game going. Not exactly exciting, but it beats sitting around with our thumbs up our asses, right?"
dlc01slavefemale01voicetype,thepitt.esm\dlc01slavefemale01voicetype\dlc01convslave_slavetalk3_0000550e_1.ogg,"No. No! I'm sorry, I... I can't. It's just too risky. We fuck up, and we're Trog food. You want to be lunch for your own brother? Cause I sure don't."
dlc01slavefemale02voicetype,thepitt.esm\dlc01slavefemale02voicetype\dlc01convslave_slavetalk3_0000550e_1.ogg,"No. No! I'm sorry, I... I can't. It's just too risky. We fuck up, and we're Trog food. You want to be lunch for your own brother? Cause I sure don't."
dlc01slavemale01voicetype,thepitt.esm\dlc01slavemale01voicetype\dlc01convslave_slavetalk3_0000550e_1.ogg,"No. No! I'm sorry, I... I can't. It's just too risky. We fuck up, and we're Trog food. You want to be lunch for your own brother? Cause I sure don't."
dlc01slavemale02voicetype,thepitt.esm\dlc01slavemale02voicetype\dlc01convslave_slavetalk3_0000550e_1.ogg,"No. No! I'm sorry, I... I can't. It's just too risky. We fuck up, and we're Trog food. You want to be lunch for your own brother? Cause I sure don't."
dlc01slavermalevoicetype,thepitt.esm\dlc01slavermalevoicetype\dlc01quest_dlc01ramseygree_00002bb0_2.ogg,"So, if you're not who we're waiting for, then I suggest you fuck off before I shove my gun so far up your ass that you start burping lead."
dlc01uniquearenaannouncer,thepitt.esm\dlc01uniquearenaannouncer\dlc01quest_dlc01arenaannou_000071a1_1.ogg,"And now, this slave has proven willing to kill and die for his freedom! But how will he fare against the last man who made it all the way: Gruber!"
dlc01uniqueashur,thepitt.esm\dlc01uniqueashur\dlc01quest_dlc01ashurmeeti_0000185a_1.ogg,"[FAILED] Is that so? My second-in-command Wernher betrays me, works with slaves to escape justice, and then you magically appear among the slaves in my city?"
dlc01uniquemidea,thepitt.esm\dlc01uniquemidea\dlc01quest_dlc01mideast50g_0000a98a_2.ogg,"Now, outside of the mill, there are a bunch of old steel ingots just lying around. Every so often, the Foreman puts out a work order to collect them."
dlc01uniquesandra,thepitt.esm\dlc01uniquesandra\dlc01quest03_greeting_00002b80_2.ogg,"So you're here to see our little miracle, aren't you? This is my daughter Marie: she can be a handful, but my little angel is going to save the city."
dlc01uniquetrogvoice,thepitt.esm\dlc01uniquetrogvoice\dlc01ff_dlc01ff007slavetal_0000b150_1.ogg,<Ferocious growl>
dlc01uniquewernher,thepitt.esm\dlc01uniquewernher\dlc01quest_dlc01wernhertlp_000073b1_3.ogg,"And the worst... well... just hope you never have to see 'em. They turn into animals. They forget who they are. They just eat, sleep, fuck, and kill."
dlc02femalegeneric1,anchorage.esm\dlc02femalegeneric1\dlc02convo_outcasttalk3_00002dd9_1.ogg,"Oh, not again! You've got to shake this stuff off. Get your head clear. You're an Outcast, now, just like the rest of us. Deal with it already. Okay?"
dlc02femaleuniqueolin,anchorage.esm\dlc02femaleuniqueolin\dlc02oa1_dlc02oa1olinsimin_00004378_3.ogg,"Anyway, the technology here is impressive, but something's a bit off. Records suggest even some of the people who built this didn't understand it."
dlc02holotapevoice,anchorage.esm\dlc02holotapevoice\dlc02audio_dlc02holotapeof_0000c521_4.ogg,"No, no - it's not that at all. I get that the Chinese occupation in Alaska is strictly military, but don't you think they'd settle in a bit?"
dlc02malechinese1,anchorage.esm\dlc02malechinese1\dlc02oa4_greeting_00002979_1.ogg,You fool! You will be crushed by the might of the Chinese Army!
dlc02malegeneric1,anchorage.esm\dlc02malegeneric1\dlc02convo_outcasttalk3_00002dd9_1.ogg,"Oh, not again! You've got to shake this stuff off. Get your head clear. You're an Outcast, now, just like the rest of us. Deal with it already. Okay?"
dlc02malegeneric2,anchorage.esm\dlc02malegeneric2\dlc02convo_outcasttalk3_00002dd9_1.ogg,"Oh, not again! You've got to shake this stuff off. Get your head clear. You're an Outcast, now, just like the rest of us. Deal with it already. Okay?"
dlc02malegeneric3,anchorage.esm\dlc02malegeneric3\dlc02convo_outcasttalk3_00002dd9_1.ogg,"Oh, not again! You've got to shake this stuff off. Get your head clear. You're an Outcast, now, just like the rest of us. Deal with it already. Okay?"
dlc02maleuniquegeneralchase,anchorage.esm\dlc02maleuniquegeneralchase\dlc02voice_dlc02voicestalk_0000c050_1.ogg,"Well you tell them that if they want their viable liberation contingency ready in case Operation: Anchorage fails, they need to get off their asses!"
dlc02maleuniquemcgraw,anchorage.esm\dlc02maleuniquemcgraw\dlc02oa1_dlc02oa1mcgrawhow_00002d84_6.ogg,"Records indicate there's some high-value tech in this base, but we can't get to it. The armory is sealed by a blast door, and we can't get it open."
dlc02maleuniquemontgomery,anchorage.esm\dlc02maleuniquemontgomery\dlc02oa2_dlc02oa2monttalk0_00004361_1.ogg,That was a hell of a nasty fall you took. When your chute bunched up like that I thought you were a goner. I hope the other guys made it...
dlc02maleuniquesibley,anchorage.esm\dlc02maleuniquesibley\dlc02oa1_dlc02oa1sibleymor_0000437b_1.ogg,[SUCCEEDED] What's going on is this whole mission is one big rat-fuck. We've been stuck here for way too long with no results.
dlc03femaleuniquemargot,brokensteel.esm\dlc03femaleuniquemargot\dlc03bs3_dlc03bs3tlmargots_00006f88_2.ogg,"As for my primary function, I will continue to execute its instructions for as long as necessary or until I am no longer able to carry out this task."
dlc03femaleuniquevallincourt,brokensteel.esm\dlc03femaleuniquevallincourt\dlc03bs2_dlc03bs2tlvallinc_00007b4f_2.ogg,"I don't know how much this will actually help... I mean, I'm not quite sure how effective it might be since it hasn't really been field tested..."
dlc03maleuniquetristan,brokensteel.esm\dlc03maleuniquetristan\dlc03bs00_dlc03transitiont_00008b21_1.ogg,"What the hell happened in here... Oh, man... We've got people down in here! You, check that equipment! The two of you, over here - help me get them.."
dlc03uniquebigsley,brokensteel.esm\dlc03uniquebigsley\dlc03wq_dlc03wqbigsleyscri_00003790_1.ogg,"Those weapons were to go to Rivet City. But, whatever. A rifle, grenade or two. But only if they agree to take a shipment -immediately!- to Big Town."
dlc04femalenormal,pointlookout.esm\dlc04femalenormal\dlc04ff03_dlc04margaboutyo_00003f5b_1.ogg,"Nothing you can catch, if that's what you were wondering. Marsh folk catch it all the time. Lucky my family has a special still pot for tonic-makin'."
dlc04femaletribal,pointlookout.esm\dlc04femaletribal\dlc04gener_dlc04aboutmansi_0000a83d_1.ogg,"Jackson said he saw its destruction in a vision. There were some concerns, but when the leader says it's a mandate from beyond, you don't ask why."
dlc04malechild,pointlookout.esm\dlc04malechild\dlc04ff04_dlc04ff04mineher_00008139_2.ogg,"He was a mean old man, owned this mine a million years ago. Made the miners work real hard and didn't give them any money or food for their kin."
dlc04malenormal,pointlookout.esm\dlc04malenormal\dlc04ff02_dlc04obamarcella_0000e20a_1.ogg,"Forgive my indiscretion. Still, with her death I see no reason for you to keep hold of that book. For all you know, the same fate may befall you."
dlc04maletribalfriendly,pointlookout.esm\dlc04maletribalfriendly\dlc04mq02_dlc04tribalentry_00009266_2.ogg,"Venture west to the great bog, and within you shall find the mother of all Punga Fruit. She stands taller than a man, and her vines guide our future."
dlc04maletribalgruff,pointlookout.esm\dlc04maletribalgruff\dlc04gener_dlc04croatoa1a_0000f3aa_3.ogg,"[SUCCEEDED] I do not know if this is a secret, but I have always used this shovel. It has seen much work, and much dirt."
dlc04maleyokellarge,pointlookout.esm\dlc04maleyokellarge\dlc04gener_normaltocombat_0000d8bf_1.ogg,"Come at me, and you'll draw back a nub!"
dlc04maleyokelmedium,pointlookout.esm\dlc04maleyokelmedium\dlc04gener_normaltocombat_0000d8bf_1.ogg,"Come at me, and you'll draw back a nub!"
dlc04maleyokelsmall,pointlookout.esm\dlc04maleyokelsmall\dlc04gener_normaltocombat_0000d8bf_1.ogg,"Come at me, and you'll draw back a nub!"
dlc04robotvoice,pointlookout.esm\dlc04robotvoice\dlc04ff05_dlc04ff05protpro_00007325_1.ogg,"Please step inside, agent. Extraction details can be found on the terminal inside."
dlc04uniquedesmond,pointlookout.esm\dlc04uniquedesmond\dlc04mq04_dlc04mq01desmond_00008493_4.ogg,"They even had a top candiate for president, until that scandal with the dog forced him to drop out of the race. I was particularly proud of that one."
dlc04uniquethebrain,pointlookout.esm\dlc04uniquethebrain\dlc04mq03_greeting_0000ae42_1.ogg,"So, you're the mouse that was scurrying around here? Not much to look at, but at least you're not drooling all over yourself. I can work with that."
dlc04uniquetobar,pointlookout.esm\dlc04uniquetobar\dlc04mq01_dlc04tobargreeti_0000b5de_3.ogg,"But keep your wits about you, because there's more than a few exotic critters and inhospitable locals. So stay here if you're too dainty to rough it!"
dlc05npcfemalegeneric1,zeta.esm\dlc05npcfemalegeneric1\dlc05gener_dlc05captivehol_0000a97f_6.ogg,"I said to SHUT UP! <slap>... I'm... I'm sorry I did that. Please, forgive me. But we need to keep our heads on straight if we're going to survive."
dlc05npcmalegeneric1,zeta.esm\dlc05npcmalegeneric1\dlc05gener_dlc05captivehol_00009a05_9.ogg,But this is not Heaven. And my captors are not angels. I am not entirely unconvinced that the scripture is wrong. That Heaven and Hell are reversed.
dlc05npcmalegeneric2,zeta.esm\dlc05npcmalegeneric2\dlc05gener_dlc05captivehol_0000aa33_5.ogg,"AGH! Stop it! I am a U.S. Senator and I warn you... if any harm comes to me, you'll bring the full wrath of the U.S. Military upon yourselves!"
dlc05npcmalegeneric3,zeta.esm\dlc05npcmalegeneric3\dlc05gener_dlc05astronauth_0000a885_4.ogg,"Our nation has been conducting manned spaceflight tests... I'm sorry, you'll have to forgive me. Frankly we never expect to meet you all!"
dlc05npcuniquepaulson,zeta.esm\dlc05npcuniquepaulson\dlc05conve_dlc05convpaulso_00005403_1.ogg,"You know, for a little lady, you're pretty smart. I just hope you were smart enough to pick the right horse when you broke this stranger out."
dlc05npcuniquesally,zeta.esm\dlc05npcuniquesally\dlc05mz2_dlc05mz2tlsamurai_00007a69_1.ogg,"Ummm, I think he's from the earth's past. There are people frozen all over the ship that the aliens grabbed wearing funny old time clothes and stuff."
dlc05npcuniquesamurai,zeta.esm\dlc05npcuniquesamurai\dlc05samur_greeting_00007e16_1.ogg,"Hajimari ni ketsumatu wo mi, ketsumatsu ni hajimari wo miru. Soremade wa dojite wa naran."
dlc05npcuniquesomah,zeta.esm\dlc05npcuniquesomah\dlc05mz2_dlc05mz2somahback_0000abee_2.ogg,"All right, listen. Not that it's any of your damn business, but yeah. Before I got sucked up into this crazy alien land here, I pulled some shady stuff."
dlc05npcuniquetercorien,zeta.esm\dlc05npcuniquetercorien\dlc05cryoq_dlc05cryoelliot_00006c04_2.ogg,"If I revive them maybe they could help us. I'm not sure they'll last very long, but if we leave them... you saw what the aliens did to the others..."
femaleadult01default,falloutnv.esm\femaleadult01default\vgenericre_vdialoguethestr_00175110_1.ogg,"{A little uncertain and scared of the player}Uhh, hey. Welcome to Red Rock Canyon. You've seemed a little bipolar lately - maybe you're having withdrawal symptoms?"
femaleadult01defaultdc,fallout3.esm\femaleadult01defaultdc\convmegato_megatonsettlert_0001762e_1.ogg,"I don't like to spread rumors, but I heard Mister Burke is really interested in the bomb. Really interested. Like... he wants to buy it or something."
femaleadult02,falloutnv.esm\femaleadult02\vfreeformthefort_greeting_0015439f_1.ogg,"{Female PC - surprise, tinged with envy}A free woman. It's... been awhile since I've seen a woman who wasn't a slave. {""forget"" as in she's a slave who's forgotten her position, and shouldn't be rambling}I forget myself - are you injured?"
femaleadult02dc,brokensteel.esm\femaleadult02dc\dlc03wq03_dlc03stopapostle_000071e5_1.ogg,"[SUCCEEDED] Is that truly what it looks like to others? We only mean to tend to the ill and offer them salvation before they pass - we're saviors, not murderers!"
femaleadult03,falloutnv.esm\femaleadult03\vmojavegho_vmojaveghostvmo_0015e5f3_1.ogg,"{Studying player}Hnh. Maybe Jackson got some additional soldiers after all. {Positive eval, player's not jaded}Didn't take you for a trooper at first, you seem a little... livelier than most."
femaleadult04,falloutnv.esm\femaleadult04\vfreeforms_vfreeformsloanq_00140693_1.ogg,"{slightly excited, has a passion for cooking exotic recipes}I've got this recipe for a Deathclaw Omelet that I've been itching to try out. Trouble is - I need a Deathclaw egg. Kinda obvious, I suppose."
femaleadult04dc,fallout3.esm\femaleadult04dc\dialoguere_rdtourguidetalk_00032d3f_1.ogg,"To my far right is the baby carriage that our great leader slept in as a newborn baby. Unlike most babies, he never cried and his poop didn't stink."
femaleadult05,falloutnv.esm\femaleadult05\vmojave_greeting_00163d06_1.ogg,"{Bad person just walked in}Got some nerve, coming to an NCR outpost with that look about you. {Low, warning}Hope you aren't here to trade, not sure you can afford the prices."
femaleadult06,falloutnv.esm\femaleadult06\vfreeforms_melissacaesar_0014464d_1.ogg,"You can ask, but why would I do that? Karl's told me all about life in the Legion! He says I've got all the makings of a {SPECK-you-la-tore-ay; over-enunciate like she's not familiar with the word}speculatore."
femaleadult07,falloutnv.esm\femaleadult07\vfreeformfreeside_greeting_00156a65_1.ogg,"{Cheery}People are saying the Securitrons are acting funny. {Cold}I hope that old Geezer, House, is dead. Might give the locals a chance to take control."
femaleadult08,falloutnv.esm\femaleadult08\vgenericre_vdialoguethestr_00175110_1.ogg,"{A little uncertain and scared of the player}Uhh, hey. Welcome to Red Rock Canyon. You've seemed a little bipolar lately - maybe you're having withdrawal symptoms?"
femaleadult09,falloutnv.esm\femaleadult09\vgenericre_vdialoguethestr_00175110_1.ogg,"{A little uncertain and scared of the player}Uhh, hey. Welcome to Red Rock Canyon. You've seemed a little bipolar lately - maybe you're having withdrawal symptoms?"
femaleadult10,falloutnv.esm\femaleadult10\vdialoguethetops_greeting_0014cd47_1.ogg,"{Neutral - doesn't care that the player killed the President, but impressed that the player walked into a casino full of people who do}Ain't you the cat that tried to ice the President? Gutsy, baby, showing your face in here."
femaleadult11,falloutnv.esm\femaleadult11\vfreeformfreeside_greeting_00158904_1.ogg,"So the great {Kai-zar}Caesar is dead. Happy news, but I don't know that it'll make things safer. The rest of his goons may be even worse once they take power."
femaleadult12,falloutnv.esm\femaleadult12\vfreeformm_vfreeformmccarr_0015e452_2.ogg,You can tell the Lieutenant that I finally caved. I'll... {grudgingly}get help. There's a Doctor Usanagi who's supposed to be good at this sort of thing.
femalechild01,falloutnv.esm\femalechild01\vdialoguem_greeting_0015a452_1.ogg,"The NCR's top Ranger, Chief Hanlon, put a gun in his mouth. Think he would've done that if the NCR stood a chance at beating the Legion?"
femalechild01dc,fallout3.esm\femalechild01dc\dialogueli_llknockjokes2b_0003c047_1.ogg,[FAILED] You don't have to lie to make me feel better. I know it's a dumb joke. We don't really tell them to laugh with them - more to laugh at them.
femalechild02,falloutnv.esm\femalechild02\vdialoguelily_radiohello_0015f9b3_1.ogg,"{burst of static cuts in to child's voice}Grandma's here! Grandma's here!{Sounds of excitement, like two small children mobbing grandma at the door}"
femalegenericghoul,falloutnv.esm\femalegenericghoul\vfreeformf_vfreeformfreesi_00124aa5_2.ogg,They're worried the filthy drunkies in detox seeing me drink will cause an immediate relapse. I say their rehab effort here is just a revolving door.
femalegenericghouldc,fallout3.esm\femalegenericghouldc\convunderw_underworldtalkc_00032b92_1.ogg,I was saying that you need to get some rest. You're falling asleep up here. You never sleep through a whole night anymore. I hear you getting up.
femaleghoul02,falloutnv.esm\femaleghoul02\vfreeformv_vfreeformvault2_000f43f8_3.ogg,"I've pumped the vault full of a highly flammable gas that, once ignited, should destroy the vast majority of the spores. There's one problem, though."
femalegroupenclavedc,fallout3.esm\femalegroupenclavedc\mq09_greeting_0004b141_1.ogg,"If you're supposed to be meeting the President, then go do it. Get away from me."
femalegroupraiderdc,fallout3.esm\femalegroupraiderdc\genericrai_raidertalkupnor_00028d43_1.ogg,"One of 'em came back last night, screamin' about claws and fangs and shit. He said they ran into a bunch of monsters a few miles north of the city."
femaleold01,falloutnv.esm\femaleold01\vdialoguer_vdialogueremnan_0015c16d_3.ogg,"{more sober, slightly defensive}Some of the things we did were questionable, I know. That's just how it was back then. Figure I've done enough good to make up for any sins, anyhow."
femaleold01dc,fallout3.esm\femaleold01dc\convmegato_megatonsettlert_0001762e_1.ogg,"I don't like to spread rumors, but I heard Mister Burke is really interested in the bomb. Really interested. Like... he wants to buy it or something."
femaleold02,falloutnv.esm\femaleold02\vdialoguen_alicemcbridepeo_000ccfbf_1.ogg,"Oh, we keep to ourselves, for the most part. Try not to pry. I think Jeannie May gets bothered that we aren't more sociable, but it's just our way."
femaleold03,falloutnv.esm\femaleold03\vdialoguec_vdialoguecrimso_0014e2dc_1.ogg,"Most merchant companies - {correcting herself, emphasizes ""successful""}successful merchant companies, rather - have them. It can be inconvenient to replace employees on short notice."
femaleuniqueamata,fallout3.esm\femaleuniqueamata\ms16radiov_radio101distres_0008350f_1.ogg,"Things got worse after you left. My father's gone mad with power. If you can hear this, please stop looking for your dad and help stop mine."
femaleuniquebetty,fallout3.esm\femaleuniquebetty\mq04_greeting_000289b2_1.ogg,"You don't want to play with me. So I don't want to talk to you, and you're never going to find your daddy. Boo hoo hoo."
femaleuniquecass,falloutnv.esm\femaleuniquecass\vending_vendingcass_0015d98a_1.ogg,"{Narrating Her Own Ending}Cass lived to see the Courier bring down three armies and by her count, that was three more than she'd expected. {Beat, a little quieter}She'd kept quiet about that, though."
femaleuniquedrli,fallout3.esm\femaleuniquedrli\mq05conver_mq05ligarzabuff_0001e870_1.ogg,"I... Yes, well. If we weren't in danger right now, I'd suggest something different. But this should see you through for the time being."
femaleuniquemoira,fallout3.esm\femaleuniquemoira\ms03_ms03tasklie_0004ba3f_2.ogg,"Either you weren't looking hard enough, or you didn't really go at all. Either way, I'm going to have to insist you go back again, alright?"
femaleuniquemom,fallout3.esm\femaleuniquemom\cg00_cg00momspeech_0005edd8_1.ogg,Oh... Oh James... We did it... A daughter... Our beautiful daughter...
femaleuniquemoore,falloutnv.esm\femaleuniquemoore\vfreeformh_vfreeformhoover_00136dc0_1.ogg,"{Player talked Khans into helping}No, just because you secured the aid of the Khans, {said under her breath}assuming they don't try to kill us, don't think the Brotherhood will be so easily swayed."
femaleuniquesarah,fallout3.esm\femaleuniquesarah\convcitade_cittalkshortgen_000ba734_1.ogg,"There's been another Behemoth sighted in the Wasteland, in the Evergreen Mills region. That's heavy Raider country, so things could get interesting."
femaleuniquesparkle,fallout3.esm\femaleuniquesparkle\freeformdc_greeting_0005212d_1.ogg,"Watch out, there's a 'Guai den to the north. I'd steer clear of it if I were you."
femaleuniqueveronica,falloutnv.esm\femaleuniqueveronica\vdialoguev_vdialogueveroni_0015edd0_1.ogg,"{Surprise, player found someone she thought was dead}You did? Where? Oh my God, I mean... I thought... I don't even know what I thought might have happened to him."
ghouluniqueraul,falloutnv.esm\ghouluniqueraul\vdialoguer_vdialogueraulra_0015d490_1.ogg,"She went out to find some food one day. {digressing, maybe justifying to himself a little}I was sick, so I stayed at our camp. I guess it must have been the beginnings of radiation poisoning."
maleadult01default,falloutnv.esm\maleadult01default\vfreeformt_vfreeformthefor_00154387_2.ogg,"{Still thinking back}Dogs roamed that city. Our tribe made peace with them. {Scoffs, trying to dismiss painful memory}Thought they were our spirit animals - helped us hunt, provided for us in some lean times."
maleadult01defaultb,falloutnv.esm\maleadult01defaultb\vms02_greeting_000d7f24_1.ogg,{Player not in Powder Ganger gear}{part of an act - he's not really a merchant and trying to see if the player is really a Powder Ganger}Better be careful around these parts. I hear there's Powder Gangers around and dangerous for merchants like me.
maleadult01defaultbdc,fallout3.esm\maleadult01defaultbdc\ms09_ms09vanceendgamect08s_0009a2b3_1.ogg,"[FAILED] In light of your candor, all I can promise is that Arefu will no longer be a target of the Family. Beyond that, I make no such other promises."
maleadult01defaultdc,fallout3.esm\maleadult01defaultdc\ms03_ms03rchistory2b_0006b251_1.ogg,"[FAILED] That's just a technicality, really. This wasn't what you'd call a ""settlement"" until I whipped them all into shape. More of a ""camp,"" really."
maleadult02,falloutnv.esm\maleadult02\vms29a_vfspacergreetssimon_001598ae_1.ogg,"{mood gets darker, Simon doesn't like Pacer talking about Gloria}You know she is. {This is a threat, Pacer's dead if he goes inside}Why don't you go in and say hi?"
maleadult02dc,fallout3.esm\maleadult02dc\dialoguete_dialoguetenpenn_00045334_1.ogg,"That's kind of you, Ms. Primrose. But it's better if they don't cozy up with the residents. Helps retain discipline and remind them why they're here."
maleadult03,falloutnv.esm\maleadult03\vmqtops_greeting_001650fd_1.ogg,"{greets player after Benny killed or fled, accompanied by a Victor or House Securitron whose face screen then blinks over to the default}You got friends in high places, kid! According to this heap of bolts here, Mr. House don't want you touched."
maleadult04,falloutnv.esm\maleadult04\vfreeformc_vfreeformcotton_0013a2a8_1.ogg,"{a ridiculous question, but it's your duty to be polite}Women are physically and intellectually inferior to men. Their role is to bear children and ensure the survival of our species."
maleadult04dc,fallout3.esm\maleadult04dc\convmegaton_megatontalk2_000042a6_1.ogg,"Well, I was thinkin', Sweetie Pie... Sometime soon, we should take a trip. Just you and me. Maybe visit Rivet City or somethin'. Would you like that?"
maleadult05,falloutnv.esm\maleadult05\vmojave_vmojavevmomajorkni_0015d3ce_1.ogg,"{Frowns}I'd like to help - {beat, hates this}but we can't spare any more units. {Reciting the official line, even though he hates it}We have to maintain a minimum headcount at the Outpost, orders from the West."
maleadult05dc,fallout3.esm\maleadult05dc\convcitade_cittalkshortgen_000ba734_1.ogg,"There's been another Behemoth sighted in the Wasteland, in the Evergreen Mills region. That's heavy Raider country, so things could get interesting."
maleadult06,falloutnv.esm\maleadult06\vms45_vms45vrrckarltopic00_0014b579_1.ogg,"Though they have been cruelly oppressed by the NCR, the Khans remain great warriors. {Choking on this a little; he's lying and it galls him}The Legion is honored to have such allies in battle."
maleadult06dc,fallout3.esm\maleadult06dc\convcitade_cittalkshortgen_000ba734_1.ogg,"There's been another Behemoth sighted in the Wasteland, in the Evergreen Mills region. That's heavy Raider country, so things could get interesting."
maleadult07,falloutnv.esm\maleadult07\vms45_vms45vrrcezekieltopi_00148c1f_2.ogg,"Here, I salvaged this book from an old library. It's a history of a people called the {over-enunciate, like it's unfamiliar}Mongols. I think that's what the Khans built their culture on."
maleadult08,falloutnv.esm\maleadult08\vdialogueh_greeting_000e4b65_1.ogg,"{Ramos dialogue if player sneaks into the bunker}{Angry, an intruder managed to get past his security}How the hell did you get in here? Normally, I would have already shot you, but I'm under orders to bring you to the Elder. Will you come peacefully?"
maleadult09,falloutnv.esm\maleadult09\vcasinocom_greeting_001602fd_1.ogg,"{Whale}You are quite simply the talk of the casino right now with your astonishing play. Do stay in our {BONE veev-ONT, light French 'n' for Bon}Bon Vivant suite so you may continue to dazzle us."
maleadult10,falloutnv.esm\maleadult10\vms19_vms19vfsoffdutyncrba_0015bc32_1.ogg,"Hey, wait up a moment. I can tell you're really upset that you didn't pass the test, so I'll let you take it again any time you want to come back."
maleadult11,falloutnv.esm\maleadult11\nvprimmdep_nvprimmdeputyco_001618bd_2.ogg,"I was sku{skulking, rethinking}... er, performing recon, gathering information on some of the Powder Gangers, when some great Khans arrived with your friend in the suit."
maleadult12,falloutnv.esm\maleadult12\vdialoguew_vdialoguevegasw_000f9893_3.ogg,"It's a pretty dull place, but I hear there was a bit of excitement when this tribal from Arroyo came to town years back. All before my time, though."
malechild01,falloutnv.esm\malechild01\vfreeform1_188claythoughts_000ea284_4.ogg,"{A little slower, more thoughtful}Your face does the thinking - two to the skull, yet one gets up. Odds are against you... but they're just numbers after the two-to-one."
malechild01dc,fallout3.esm\malechild01dc\dialogueli_lljosephhistory_0003a1cd_1.ogg,"And there's only one rule we have to follow: we have to leave before we become grown-ups. That way, we don't risk destroying our world like they did."
malechild02,falloutnv.esm\malechild02\vending_vendingboomers_001614b3_2.ogg,"{Narrating}Over time, as the Boomers found a need for gun powder, they developed a relationship with the Gun Runners, trading their surplus crops for munitions."
malegenericghoul,falloutnv.esm\malegenericghoul\vmstopstal_vmstopstalentpo_001202f7_1.ogg,Whoa Nelly! There's insult comedy and then there's psycho comedy! I guess you aren't the heckler Garret hired to spice up my show. What do you want?
malegenericghouldc,brokensteel.esm\malegenericghouldc\dlc03wq02_dlc03wq02greetin_0000b02c_3.ogg,"Here you go, ma'am. Your FREE bottle! Step right up in the next 5 minutes, and get your VERY OWN bottle of the Amazing Aqua Cura at HALF price! Ladies and gentlemen. Half price!"
maleghoul02,falloutnv.esm\maleghoul02\vdialoguev_bertnephi_000fb8f3_1.ogg,"I never was able to reach him. He has allowed drugs and hatred to consume him. He runs with the Fiends north of here, now. They call him Driver Nephi."
malegroupenclavedc,fallout3.esm\malegroupenclavedc\mq09_mq09officerconv_00039633_1.ogg,"Mr. President, I'm sorry to bother you. This is Lieutenant Williams. I have an unauthorized individual here who's supposed to speak with you."
malegroupraiderdc,fallout3.esm\malegroupraiderdc\genericrai_raidertalkupnor_00028d43_1.ogg,"One of 'em came back last night, screamin' about claws and fangs and shit. He said they ran into a bunch of monsters a few miles north of the city."
malegrouptaloncompany,fallout3.esm\malegrouptaloncompany\generictaloncompany_attack_00088def_1.ogg,I want this one's head on a fucking plate!
maleold01,falloutnv.esm\maleold01\primmnashd_primmnashdialog_0015fc7b_2.ogg,"{Delivered as ""right as rain""}I said, sure as lack of rain, you were still kicking. {Beat, slightly incredulous}Then he turned down the job, just like that. I asked if he was sure, it was good money."
maleold01dc,fallout3.esm\maleold01dc\convparadi_pftalkbleakbrea_0003c143_1.ogg,"You're not just getting yourself in trouble here, girl. You need to relax. Work with 'em. It ain't so bad once you adjust. I've been here for almost-"
maleold02,falloutnv.esm\maleold02\ves34vault_greeting_0015e9d5_1.ogg,"{Dumbfounded}Why are the outlanders killing each other? Why do they treat us like machines?{Lamenting his fate} I wish we had remained in the safety, and sanity, of our Vault."
maleuniqueahzrukhal,fallout3.esm\maleuniqueahzrukhal\convunderw_underworldtalka_00032b9f_1.ogg,"Stop serving him? This is a bar. How am I supposed to make money if I'm not serving booze? If he's got money, I'll give him whatever he asks for."
maleuniquearcade,falloutnv.esm\maleuniquearcade\vdialoguea_greeting_001611c9_1.ogg,"I've read about REPCONN. I think they did some work with the... {catching himself, was about to say ""Enclave""} the government before the war. Rockets and some energy weapon prototypes, I think."
maleuniqueautumn,fallout3.esm\maleuniqueautumn\radioencla_radioenclavespe_00045b2a_1.ogg,"When you see the Enclave, you see the United States government. We are authorized to restore order and civility, by any means necessary."
maleuniquebenny,falloutnv.esm\maleuniquebenny\vdialoguebenny_greeting_00147872_1.ogg,"{FIRST TALK, NO AMBUSH}{mock scolding}Why you little promise-breaker! {effeminate voice}""Let me live, Benny, and I'll never come after you - pinky swear!"" What a fink! Anyway..."
maleuniquebigsal,falloutnv.esm\maleuniquebigsal\vdialogueg_vdialoguegomorr_00125f42_2.ogg,"First we're going to blow the Embassy, then we're going to use soldiers to kill every last motherfucker on the Strip. Then we'll run this joint."
maleuniquebillyknight,falloutnv.esm\maleuniquebillyknight\vmstopstal_vmstopstalentpo_00120003_1.ogg,"Hey, now, come on! I prefer the term ""outdoor entertainment bonanza."" Besides, have you seen the caps whores make in this town? I should be so lucky!"
maleuniquebiwwy,fallout3.esm\maleuniquebiwwy\genericlit_pickpocket_00080da6_1.ogg,Thought I wouldn't notice your fat fingers going through my pockets?
maleuniquebrotch,fallout3.esm\maleuniquebrotch\cg03_cg03brotchspeech_00035e76_1.ogg,"Question 5. Your grandmother invites you to tea, but you’re surprised when she gives you a pistol, and orders you to kill another vault resident."
maleuniquebutch,fallout3.esm\maleuniquebutch\ms16_ms16snakes2_00057053_1.ogg,"Freddie, there's more to this than just getting out of the dorm. It's about freedom and standing up to the Man! Tunnel Snakes rule!"
maleuniquebutchkid,fallout3.esm\maleuniquebutchkid\cg02_goodbye_0005ad4f_1.ogg,"I'll tell you one person who's not going to be in it. You! Ha ha ha. Just kidding, Paul. No I wasn't. Yes I was. Psych! Ha ha ha."
maleuniquebutton,fallout3.esm\maleuniquebutton\ms15_ms15buttoncct02_000200e9_1.ogg,"Remember, the will of the people is the only legitimate foundation of any government, and to protect its free expression should be our first object."
maleuniquecaesar,falloutnv.esm\maleuniquecaesar\vdialoguec_vdialoguecaesar_00163c03_3.ogg,"He accepted... on condition that he be allowed to kill the surviving males of his tribe. {chuckle}I said, make it the {emph}adult males and you have a deal.{Children are malleable and thus valuable to the Legion.}"
maleuniquechinesetroop,fallout3.esm\maleuniquechinesetroop\mq04_mq04soldier1_000c10f8_1.ogg,"The People's Republic of China claims this land as its own! Your evil, materialistic ways are at an end, American dogs! Men, open fire!"
maleuniquecolonelhsu,falloutnv.esm\maleuniquecolonelhsu\vms08_greeting_000ee686_2.ogg,It's a key to a little hideaway south of here. We've used it as a place for Rangers to rest and resupply. I thought you might get good use out of it.
maleuniquecraigboone,falloutnv.esm\maleuniquecraigboone\vending_vendingboone_0015d165_1.ogg,"{Narration}Though NCR was withdrawing from the region, Boone remained in New Vegas, finding work as a security guard and caravan scout along the highways."
maleuniquecromwell,fallout3.esm\maleuniquecromwell\dialogueme_megcromwellpray_000221b8_1.ogg,Behold! He is coming with the clouds! And every eye shall be blind with his glory! Every ear shall be stricken deaf to hear the thunder of his voice!
maleuniquedad,fallout3.esm\maleuniquedad\mq05conver_mq05dadbroadcas_0001f94c_1.ogg,"I'd like to thank you all for returning to this project after so many years. I know some of you thought; like me, that this day would never come."
maleuniquedocmitchell,falloutnv.esm\maleuniquedocmitchell\vending_vendinggoodsprings_00161ff2_1.ogg,"{narrating}Goodsprings saw more trade along I-15 after NCR gained control of the Mojave Wasteland, but with that came a heavy burden of the Republic's taxes."
maleuniquedukov,fallout3.esm\maleuniquedukov\ms14_ms14dukovrecordednote_0004e317_1.ogg,"Tara's dead. Crowley fucked up and got her killed. Fucking Ghoul. When I'm done, he'll sniff butts with the ferals for the rest of his life."
maleuniqueelderlyons,fallout3.esm\maleuniqueelderlyons\convcitade_cittalkshortgen_000ba734_1.ogg,"There's been another Behemoth sighted in the Wasteland, in the Evergreen Mills region. That's heavy Raider country, so things could get interesting."
maleuniqueeulogy,ttw new vegas speech checks.esm\maleuniqueeulogy\mq07_mq07eulogypricespeech_001012b6_2.ogg,"So right now, I'm not looking fondly on you. You want something from me, we do a straight-up deal. You don't try and pull one over on me."
maleuniquehanlon,falloutnv.esm\maleuniquehanlon\vcampgolfh_vcampgolfhanlon_00156f30_1.ogg,"{smiling a bit}You have, have you? {Beat, more somber}Misdirection. When you're pinned down, outnumbered, and two days from any help, it's just about the best friend you can have."
maleuniqueharkness,fallout3.esm\maleuniqueharkness\ms08_ms08harknessend3a_000257b3_1.ogg,"[FAILED] You're right. It's probably not safe for me here. But from the sound of the man on that recording, it's not safe for me in the Commonwealth either."
maleuniqueharold,fallout3.esm\maleuniqueharold\ms10_greeting_00066cc1_1.ogg,See Herbert? Now that's a nice person for you. Why can't you be more like that!
maleuniquejasonbright,falloutnv.esm\maleuniquejasonbright\vdialoguej_jasonbrightspee_0008d401_1.ogg,"The Journey ahead would have been impossible if not for the intercession of two human friends, one new, the other a long-abiding companion."
maleuniquejericho,fallout3.esm\maleuniquejericho\convmegaton_megatontalk2_0001f25c_1.ogg,"I heard something about you, boy. I heard that you was a scout for the Raiders, here to recoin.. recon... err... check out our defenses. That true?"
maleuniquelanius,falloutnv.esm\maleuniquelanius\vfreeformh_vfreeformhoover_00159422_1.ogg,"[SUCCEEDED] {Takes a ragged, angry breath}The West's treatment of bitches such as you is their weakness. {Beat, second thought}But... by my honor, I shall face you alone, as you request."
maleuniquelesko,fallout3.esm\maleuniquelesko\ms04_ms04doctorleskoreward_000c1a67_1.ogg,[FAILED] Why can't man follow the ant's example? They work together as a team... every waking moment dedicated to the colony.
maleuniquemaccready,fallout3.esm\maleuniquemaccready\dialogueli_lllunchconv4_0003a892_1.ogg,"We're working on it, Lucy, we really fucking are. More than Eclair's food and Joseph's precious books, at least. Just keep 'em from dirting out."
maleuniquemisterburke,fallout3.esm\maleuniquemisterburke\ms11_ms11burkeandphillips_00070d04_1.ogg,"Is that so? Do it then, Phillips. Set your feral pets upon me. I could use a bit of sport. After I’ve dealt with them, I'll turn my attention to you."
maleuniquemoriarty,fallout3.esm\maleuniquemoriarty\convmegaton_megatontalk3_0001764e_1.ogg,"*Sigh* Our heavenly Father put you on this earth to test me, is that it? 'Dear Lord, save me from the whinings of thine whore who doth complaineth!'"
maleuniquemq08sid,fallout3.esm\maleuniquemq08sid\mq08_greeting_000a6d47_1.ogg,No! It's all over me! I can feel it... it's invading my mind!
maleuniquemrnewvegas,falloutnv.esm\maleuniquemrnewvegas\radionewve_rnvnewsstory2_0014e822_1.ogg,"Asked to comment, Big Sal said, quote, {calmly}the fuck you looking at? You wearing a wire? Are you? I'll break your fucking kneecaps. Hey. Get back here."
maleuniquenarrator,falloutnv.esm\maleuniquenarrator\vending_vendingcourierfema_0016200c_1.ogg,"{Narration, Good Karma, House Victory, Female}The Courier, fair and kind-hearted to those in the Wasteland, ensured that Mr. House would keep New Vegas stable and secure for future generations."
maleuniqueoverseer,ttw new vegas speech checks.esm\maleuniqueoverseer\ms16_ms16optionsstopyou2a_00111989_1.ogg,"[SUCCEEDED] I admit, in the 200 years since the war, our numbers have dwindled a little. But we have enough genetic diversity for... a few more generations."
maleuniquepapakhan,falloutnv.esm\maleuniquepapakhan\vgenericre_vdialoguethestr_00175110_1.ogg,"{A little uncertain and scared of the player}Uhh, hey. Welcome to Red Rock Canyon. You've seemed a little bipolar lately - maybe you're having withdrawal symptoms?"
maleuniquepaulhannonkid,fallout3.esm\maleuniquepaulhannonkid\cg02_cg02tunnelsnaketalk3_0005ad2e_1.ogg,"Isn't being a gang a little stupid? I mean, basically everyone we know is going to be in it."
maleuniquepresident,fallout3.esm\maleuniquepresident\radioencla_radioenclavespe_000458fe_1.ogg,"But rest assured, I am your President because the appropriate people of this great nation decided I should be! I AM your duly elected representative."
maleuniquerothchild,fallout3.esm\maleuniquerothchild\convcitade_cittalkshortgen_000ba734_1.ogg,"There's been another Behemoth sighted in the Wasteland, in the Evergreen Mills region. That's heavy Raider country, so things could get interesting."
maleuniquesimms,fallout3.esm\maleuniquesimms\convmegaton_megatontalk3_0001763b_1.ogg,"Oh man. I did say that, didn't I? Okay. Yeah, yeah we can do that. I've got some stuff to take care of, but after that, it's you and me! Okay, pal?"
maleuniquetenpenny,fallout3.esm\maleuniquetenpenny\ms11_ms11nukeview_0006eb58_1.ogg,Quite right. And you are to offer him the reward we discussed. Now... all this bright light and wind has given me quite a thirst. Where's my scotch?
maleuniquetheking,falloutnv.esm\maleuniquetheking\vending_vendingkings_0015fd31_1.ogg,"{Narrating}The Kings retained their control of Freeside, and while they continued to favor the needs of locals, they tolerated the citizens of the defeated NCR."
maleuniquethreedog,fallout3.esm\maleuniquethreedog\radiogalax_radiognrplayerk_00058083_1.ogg,"Question. Is there a God, and if so, does he give a shit about the rest of us? I was skeptical, but that was before a certain Saint from Vault 101..."
maleuniquetimmy,fallout3.esm\maleuniquetimmy\genericfri_hit_0007c703_1.ogg,Don't do that again. Last warning.
maleuniquevault101pa,fallout3.esm\maleuniquevault101pa\radiovault101pa_radiohello_0007160f_1.ogg,"Remember - Vault Depressive Syndrome, or V.D.S., is a treatable condition. See your vault physician today for an antidepressant that's right for you."
maleuniquevulpe,falloutnv.esm\maleuniquevulpe\vfreeformthefort_greeting_001579ab_1.ogg,"{Caeser cured}I'm pleased that you were able to cure {KAI-zar's}Caesar's malady. Though the Legate is a fine leader, we yet need the wisdom of {KAI-zar}Caesar to guide the Legion."
nvdlc01creatureuniquedog,deadmoney.esm\nvdlc01creatureuniquedog\nvdlc01dog_nvdlc01dogdialo_00012ae2_1.ogg,"{Frowns, getting complicated}Dog hears many voices... one in air. {Scared, thinking about God}The... other one. {Brightens up a bit}And Master. Master is the nicest. {Frowns}Gets mean, mad sometimes. But lets Dog feed."
nvdlc01creatureuniquegod,deadmoney.esm\nvdlc01creatureuniquegod\nvdlc01dog_nvdlc01dogdialo_00012241_1.ogg,"{God Calm, trying to make sense of this}I don't know you, yet I feel like I do, and a feeling of... gratitude. I... {beat, slowly realizes he's in pain}forgive me, I... I'm wounded. This chain... this bear trap on my arm..."
nvdlc01femaleuniquechristine,deadmoney.esm\nvdlc01femaleuniquechristine\nvdlc01rad_nvdlc01radiochr_000108d0_1.ogg,"<AUDIO: Needs radio filter for this, and ambient sounds outside suites after Christine has been saved and is speaking to herself.>{Mikey, we'll dupe Christine's radio barks while she's in the Exec Suites with her voice back and add a filter.}"
nvdlc01maleuniquedean,deadmoney.esm\nvdlc01maleuniquedean\nvdlc01dea_nvdlc01deanthea_00010c62_1.ogg,"{Encouraged}Hey, you're making real progress, good. {Realizes the player's close to uncovering dirty laundry, so masks it behind ""show some respect""}Uh, look that's... Vera's room, so careful what you touch in there, be respectful."
nvdlc01maleuniqueelijah,deadmoney.esm\nvdlc01maleuniqueelijah\nvdlc01eli_nvdlc01elijahdi_00011c67_4.ogg,"{Eyes stare off in the distance, remembering a powerful moment}I heard the signal. The woman's voice, the Sierra Madre, promising a chance to begin again, reverse my fortunes. {Tries to blow off the slogan, fails because he believes}All... nonsense."
nvdlc02deadhorsefemale,honesthearts.esm\nvdlc02deadhorsefemale\nvdlc02mq0_nvdlc02mq01nvdl_00010bc3_1.ogg,"{Repeating himself; ""Outsider seeks Joshua Graham?""}{AUS-land-er ZOOK-uh Joshua Graham?}Owslandr utman zookuh Joshua Graham? {Searching for english words}You look for Joshua Graham?"
nvdlc02deadhorsemale,honesthearts.esm\nvdlc02deadhorsemale\nvdlc02dea_playerlaymine_0001024a_1.ogg,{a warning for white legs! Heh he!}A bil he neh fuhr jahd thli gai! Heh he!
nvdlc02femaleuniquestella,honesthearts.esm\nvdlc02femaleuniquestella\nvdlc02dia_nvdlc02openingc_0001007f_1.ogg,"{to yourself, under your breath}{continuing imaginary conversation with Jed, mocking him}""That's right, little lady. Everything will be just fine with Jed to protect you. Quite the leader is what I am, hell yes."""
nvdlc02femaleuniquewakingcloud,honesthearts.esm\nvdlc02femaleuniquewakingcloud\nvdlc02dia_nvdlc02dialogue_0000f301_1.ogg,"The lone Bighorner is the most vulnerable to its enemies. In the herd lies strength - if you reconsider your choice, I will be here. {in peace, go}{PAHZ pah-tah-soo-ba}Paz patasooba."
nvdlc02maleuniquedaniel,honesthearts.esm\nvdlc02maleuniquedaniel\nvdlc02dia_nvdlc02dialogue_000093af_3.ogg,Don't worry. I don't hold it against you. You're a - {stops himself from saying Gentile} an outsider. Fighting seems like the practical solution. But there's more than that at stake.
nvdlc02maleuniquefollowschalk,honesthearts.esm\nvdlc02maleuniquefollowschalk\nvdlc02dia_nvdlc02dialogue_0000bd41_1.ogg,"{Bewildered - doesn't really understand how this is a question, like ""Why is it important to breathe?""}Well... because they're our enemies. What else would we do? They take our land, they kill our scouts, they poach our hunting grounds."
nvdlc02maleuniquejed,honesthearts.esm\nvdlc02maleuniquejed\nvdlc02dia_nvdlc02ambushje_0000fff6_1.ogg,"{Jed becomes alerted by a sound ahead of the party. Stops dead on his tracks, cautious.} Shhhhh! Hold on, now...{finger to his lips, he shushes the rest of the crew.} Could swear I heard something up ahead."
nvdlc02maleuniquejoshua,honesthearts.esm\nvdlc02maleuniquejoshua\nvdlc02dia_nvdlc02dialogue_0000f4d6_1.ogg,"{referring to the parable of the good samaritan}You're a good neighbor to us. We all go through periods of darkness. In such times, we can turn to the Lord, but it's good to have friends."
nvdlc02maleuniquericky,honesthearts.esm\nvdlc02maleuniquericky\nvdlc02dia_nvdlc02dialogue_0000f5dc_2.ogg,"Basically, it makes me badass. {correcting yourself}More badass, I mean. It's totally mind-blowing shit. {until yesterday, you thought it was just a bracelet, but you don't want the player to know that}It ain't just some bracelet, know what I mean?"
nvdlc02maleuniquesaltuponwounds,honesthearts.esm\nvdlc02maleuniquesaltuponwounds\nvdlc02end_nvdlc02endingwh_0001011a_1.ogg,"{Narration - Crush the White Legs, SUW killed in combat}Despite their defeat at Three Marys, and the death of their war chief, the White Legs were determined to pursue the other New Canaanites."
nvdlc02sorrowsfemale,honesthearts.esm\nvdlc02sorrowsfemale\nvdlc02sor_combattonormal_000102ae_1.ogg,"{satisfied}{""Coward. Lucky I didn't kill you.""}{ko-BAR-ee. Wah for-TOO-ba may no ma-TAH-na KAH-tu}Cobar'e. Wa fortuba me no matanna katu."
nvdlc02sorrowsmale,honesthearts.esm\nvdlc02sorrowsmale\nvdlc02sor_combattonormal_000102ae_1.ogg,"{satisfied}{""Coward. Lucky I didn't kill you.""}{ko-BAR-ee. Wah for-TOO-ba may no ma-TAH-na KAH-tu}Cobar'e. Wa fortuba me no matanna katu."
nvdlc02whitelegsfemale,honesthearts.esm\nvdlc02whitelegsfemale\nvdlc02whi_playerinironsit_00010316_1.ogg,{don't point weapons at me.}{doan poin AI-tee Ai Mee!}Do'an poin aiti ay me!
nvdlc02whitelegsmale,honesthearts.esm\nvdlc02whitelegsmale\nvdlc02whi_playerinironsit_00010316_1.ogg,{don't point weapons at me.}{doan poin AI-tee Ai Mee!}Do'an poin aiti ay me!
nvdlc03autodocvoicesinkmale,oldworldblues.esm\nvdlc03autodocvoicesinkmale\nvdlc03dia_greeting_0000f60e_1.ogg,"{Groggy, as though being woken up for the first time in a long while}Hmph... well how about that? Old Auto-Doc's back on-line. Well, all right, come here, let's have a look at you."
nvdlc03berserksecuritron,oldworldblues.esm\nvdlc03berserksecuritron\nvdlc03gen_combattonormal_00015eaf_1.ogg,#^@ = ((..<<>>..)) = #^@ !?!
nvdlc03bioresearchlabvoicesinkmale,oldworldblues.esm\nvdlc03bioresearchlabvoicesinkmale\nvdlc03dia_greeting_0000f054_1.ogg,"{Groggy, as though waking up from a night of hot sex and looking for more}Ooh... oh yeah, baby, feels good to be on-line again! Yeah, all circuits on-line... ready to receive your seed."
nvdlc03bookchutevoicesinkmale,oldworldblues.esm\nvdlc03bookchutevoicesinkmale\nvdlc03dia_nvdlc03dialogue_000128e5_2.ogg,"Wait a moment - pencil processors off-line? {Hysterical}Pencil processors off-line?! Apologies, Citizen, it seems traitors have absconded with that module."
nvdlc03corpsesuitvoice,oldworldblues.esm\nvdlc03corpsesuitvoice\nvdlc03gen_powerattack_00015e15_1.ogg,<Large number of bones rattling loudly>
nvdlc03femaleuniquechristine,oldworldblues.esm\nvdlc03femaleuniquechristine\nvdlc03hol_nvdlc03christin_0001460b_9.ogg,"{DUPE}{Cold, staring into future, slight bitterness}Make them walk the road west, straight and true, sink their feet in Old World ash. Let storms tear at them. See the Divide. See what happened."
nvdlc03femaleuniquedala,oldworldblues.esm\nvdlc03femaleuniquedala\nvdlc03dia_greeting_0000f62f_3.ogg,"{Slowly analyzing the player, getting slightly turned on}Yet you have no such fear, facing me, epidermis flushed with blood, plasma running molten beneath, your face contorting with... muscular expression."
nvdlc03jukeboxvoicesinkmale,oldworldblues.esm\nvdlc03jukeboxvoicesinkmale\nvdlc03end_nvdlc03endingsl_0001600f_1.ogg,"{Narration}{3+ Sound effects gained}Blind Diode Jefferson, with sounds the Courier brought him, created a symphonic counter-frequency that saved Big {Mountain}MT from sonic invasion in 2910."
nvdlc03lightswitch01voicesinkfemale,oldworldblues.esm\nvdlc03lightswitch01voicesinkfemale\nvdlc03end_nvdlc03endingsl_00015fff_1.ogg,"{Narration}{Lightwave Dynamics Lab discovered}One of them eventually transferred to the Lightwave Dynamics Plant - and began a long, unrequited affair with one of the holograms."
nvdlc03lightswitch02voicesinkfemale,oldworldblues.esm\nvdlc03lightswitch02voicesinkfemale\nvdlc03end_nvdlc03endingsl_00016017_1.ogg,"{Narration}This persisted until the day someone dropped a flashlight in the Sink, and the two of them united in their hatred of the ""showboat."""
nvdlc03maincomputervoicesinkmale,oldworldblues.esm\nvdlc03maincomputervoicesinkmale\nvdlc03end_nvdlc03endingsl_0000d367_2.ogg,"{Narration}Now armed with the {Trans-portal-ponder, combination mish-mash of Transporter + Transponder}Transportalponder, the Courier could return to the Dome at any time and crack open the secrets of the Big Empty, one by one."
nvdlc03maleuniquedoc8,oldworldblues.esm\nvdlc03maleuniquedoc8\nvdlc03dia_nvdlc03dialogue_000160be_1.ogg,@@[$((*&^#%]@@. @@[$######$]@@. @@[$######$]@@. @@[$######$]@@... @@[$######$]@@.
nvdlc03maleuniquedocborous,oldworldblues.esm\nvdlc03maleuniquedocborous\nvdlc03dia_nvdlc03dialogue_00011940_2.ogg,"-{Thinking back, fondly, then starts to gets confused as the emotion hits him}And... no matter how chemmed the food, he would always eat it. And his tail, would wag... even...even while I... I...-"
nvdlc03maleuniquedoco,oldworldblues.esm\nvdlc03maleuniquedoco\nvdlc03end_nvdlc03endingsl_0001600d_1.ogg,"{Narration}{X-13 was repeated}{Sexually suggestive, as if the center blew its load into the suit tech}The infiltration program in X-13 felt spent, having repeatedly upgraded the Stealth Suit until it could upgrade it no more."
nvdlc03maleuniqueklein,oldworldblues.esm\nvdlc03maleuniqueklein\nvdlc03dia_nvdlc03dialogue_00012d13_1.ogg,"{Irritated}WHAT IS IT? {Explaining his irritation, more insistent, quieter}THE LOBOTOMITE IS {emph}ASKING ME THINGS, O, AND I AM TRYING TO IGNORE THEM. MY PROCESSORS CAN'T IGNORE YOU {emph}BOTH AT THE SAME TIME."
nvdlc03maleuniquemobius,oldworldblues.esm\nvdlc03maleuniquemobius\nvdlc03dia_attack_00015ee8_1.ogg,"{Disdainful, setting up as a cliche, then goes in a different direction}So, you think you're a match for Science?! {Beat, to himself}You two couldn't possibly have a relationship, you have {emph}nothing in common."
nvdlc03maleuniqueulysses,oldworldblues.esm\nvdlc03maleuniqueulysses\nvdlc03hol_nvdlc03christin_0001460b_1.ogg,"{DUPE}{Quiet, Ulysses has just entered}...didn't think you'd make it back."
nvdlc03muggyvoicesinkmale,oldworldblues.esm\nvdlc03muggyvoicesinkmale\nvdlc03dia_nvdlc03dialogue_000128e8_2.ogg,"They made me just to torture me. But you know, it's the neglect that hurts the most. {If you can do an impression of Dr. Klein here, awesome}""Hey everybody, let's turn ourselves into robot brains in jars!"""
nvdlc03playersbrainvoice,oldworldblues.esm\nvdlc03playersbrainvoice\nvdlc03dia_nvdlc03dialogue_00015771_1.ogg,"Oh yes, I rather expect we will. We'll be having a {emph}very long talk about crawling through old ruins, haring off on missions of revenge. {Beat, these are the worst of all}And Cazadores."
nvdlc03sinkvoicesinkfemale,oldworldblues.esm\nvdlc03sinkvoicesinkfemale\nvdlc03end_nvdlc03endingsl_0001600b_1.ogg,"{Narration}{Magnetohydraulics Plant discovered}Eventually, it gained access to the {Mag-neat-o-Hydraulics}Magnetohydraulics Plant and nearly flooded all the Big Empty in an attempt to scrub the crater clean."
nvdlc03stealthsuitvoice,oldworldblues.esm\nvdlc03stealthsuitvoice\nvdlc03aur_stealthsuitx13t_000137f6_1.ogg,"This is the robot compliance test. If you sneak up on a robot, you can disable it. It's so easy even I can't mess up."
nvdlc03toastervoicesinkmale,oldworldblues.esm\nvdlc03toastervoicesinkmale\nvdlc03end_nvdlc03endingsl_00016023_1.ogg,"{Narration}{Good or Neutral Karma}After one of its more psychotic episodes, however, the other Sink personalities decided enough was enough, and dumped the Toaster in a bathtub."
nvdlc03x8robobrain,oldworldblues.esm\nvdlc03x8robobrain\nvdlc03x8r_nvdlc03x8robobr_00015a93_1.ogg,"{Innocent voice, waking up}What... I feel like this has happened before. Yet I feel awake for the first time? What is going on?"
nvdlc04femaleadult01,lonesomeroad.esm\nvdlc04femaleadult01\nvdlc04dia_nvdlc04edeaudio_000088aa_1.ogg,"Ah, Whitley, there you are. Orders from Colonel Autumn - he feels the Eyebot Duraframe project isn't advancing quickly enough. I'm to-{improve this robot}{No sound file}"
nvdlc04maleadult01,lonesomeroad.esm\nvdlc04maleadult01\nvdlc04dia_nvdlc04edeaudio_000088a2_1.ogg,"{Audio should cut in abruptly here}All due respect sir, I think you're making a mistake. We're close to a breakthrough with the Duraframe Eyebots, I can feel it! {Pause, this is one half of a telephone conversation}Yes, sir.{No sound file}"
nvdlc04malechild01,lonesomeroad.esm\nvdlc04malechild01\nvdlc04dia_greeting_00004cd6_1.ogg,"{This should sound like glitchy audio, cutting in and out, from multiple sources}<Music{Reminiscent of ED-E's fight music}>... RALPHIE... fly far, fly fast! {No sound file}"
nvdlc04maleuniqueulysses,lonesomeroad.esm\nvdlc04maleuniqueulysses\nvdlc04dia_nvdlc04dialogue_0000d73f_1.ogg,"{Disgust, bitter, implication is that he wanted to die there}Should've died there... but now that I know you live... {bitter}the machines here... {implied quotes}saved me. I was the only survivor, {to himself}or thought I was."
nvdlc04robotede,lonesomeroad.esm\nvdlc04robotede\nvdlc04end_nvdlc04endingsl_0000d091_3.ogg,"{Narration}Not long after the Courier left the facility, the Eyebot's data banks were wiped, and it was disassembled as rapidly as it had been constructed."
playervoicefemale,falloutnv.esm\playervoicefemale\genericpla_playerentersiro_0015d877_1.ogg,{Quick Exhales}
playervoicemale,falloutnv.esm\playervoicemale\genericpla_playerentersiro_0015d877_1.ogg,{Quick Exhales}
robotede,falloutnv.esm\robotede\vending_vendingede_0016342d_1.ogg,"{Narrating ED-E Resolved With Brotherhood - dismissed}With its logs cleared and its systems upgraded ED-E is discovered by a traveling caravan, who take him on as a protector as they wander the wastes."
roboteyebot,falloutnv.esm\roboteyebot\repconhqfr_repconhqgreetin_000e7a0a_1.ogg,Unauthorized facial pattern detected. Valid security badge detected. Temporary access granted. Please complete employee registration with security.
robotfestus,falloutnv.esm\robotfestus\vfreeforms_sshqfestusdepos_0010595a_17.ogg,"The saloon owner went on to become rich selling the new drink, and to this day some bottles of Sunset Sarsaparilla have a blue star under their caps."
robotlibertyprime,fallout3.esm\robotlibertyprime\freeformci_citadelprimevoi_0006dd17_1.ogg,Primary Targets: Any and all Red Chinese invaders. Emergency Communist Acquisition Directive: Immediate Self-Destruct -- Better Dead than Red.
robotmistergutsy,oldworldblues.esm\robotmistergutsy\nvdlc03end_nvdlc03endingsl_00016018_1.ogg,"{Narration}{Rex not dead, not available}{Done with barking}There, she ran across Rex at the Kings School of Impersonation. His brain was failing. That was all right, he was still smarter than the Think Tank."
robotmistergutsydc,fallout3.esm\robotmistergutsydc\genericrobot_ms14suitstart_0007836b_1.ogg,"Listen up you god-damn puke! You are now wearing prototype medic power armor. You take care of me, and I'll take care of you."
robotmisterhandy,falloutnv.esm\robotmisterhandy\repconhqfr_repconhqtour06_000ea53c_1.ogg,"Around you are the incredible Eyebot, the fearsome Sentry Bot, and the {chuckles}always-helpful Mr. Handy. That helpfulness runs through our whole line!"
robotmisterhandydc,fallout3.esm\robotmisterhandydc\cg04_hello_000569ac_1.ogg,"Tsk tsk tsk. I’m afraid you’ve missed him. I believe he’s gone topside for a spot of fresh air! Should be back any moment, I’d imagine!"
robotprotectron,falloutnv.esm\robotprotectron\radionewve_rnvnewsstory2_0014dfbb_1.ogg,{Primm Slim:}Loading Public Appeasement Oration... complete. Howdy... citizens. How about a yee-haw for law and order in the fine town of ERROR: TOKEN NOT FOUND?
robotprotectrondc,falloutnv.esm\robotprotectrondc\genericrob_normaltocombat_000819f2_1.ogg,Attention. This is now a combat zone. You may suffer harm up to and including death if you remain in the area. This notice required by law.
robotrobobrain,falloutnv.esm\robotrobobrain\genericrobot_guardtrespass_00081953_1.ogg,"I don't mean to be rude, but you're not allowed here. You'd better leave before I'm forced to take preventive measures."
robotrobobraindc,falloutnv.esm\robotrobobraindc\genericrobot_guardtrespass_00081953_1.ogg,"I don't mean to be rude, but you're not allowed here. You'd better leave before I'm forced to take preventive measures."
robotsentrybot,falloutnv.esm\robotsentrybot\vfreeformv_v22kochgreeting_000fe6c8_5.ogg,"Warning! Primary defensive objective, designation Keely, taken by unknown hostile entities. Initiating full countermeasures."
robotsentrybotdc,falloutnv.esm\robotsentrybotdc\genericrobot_alertidle_00080d95_1.ogg,Alert. Non-combatants are advised to leave the area. Security sweep in progress. Lethal force may be used without warning.
robotuniquerex,falloutnv.esm\robotuniquerex\vdialoguer_vdialoguerexrex_0015ba65_1.ogg,"{no VO}[Rex's bodywork is battered, scorched, and scratched. It's remarkable that the biological part of him survived at all.]"
robotvictor,falloutnv.esm\robotvictor\vfreeformh_vfreeformhoover_00159b39_1.ogg,"{Kimball alive, Oliver dead}{A little reassuring}No need to worry about the General's ""accident,"" by the way. A mercy, really, sparing him the disgrace of {emphasis}surviving his nation's defeat..."
robotyesman,falloutnv.esm\robotyesman\vmqtops_greeting_0015e496_1.ogg,{greeting player in control room at Hoover Dam}This is neat! From this console I could've routed the dam's power input over to the Fort and activated that dormant army of Securitrons!
uniqueradioplay,fallout3.esm\uniqueradioplay\radiogalax_radiognrdashwoo_00095d61_1.ogg,"So little faith, boss. I could disarm this Slaver junk with my eyes closed. One second... <click!> there! Now for yours... stand still! <click!>"
voicedonotrecordm,deadmoney.esm\voicedonotrecordm\nvdlc01cas_nvdlc01casinoco_0000c4c7_1.ogg,"[You count out the bills on the counter. A panel flips, followed by slow, steady series of clicks, and a stack of chips rise up from the panel.]"
